{
  "image_id": "oLBMNvg9in8_7e4d964bcf1c43259ef7ef772440f215_i1_1",
  "building_id": "oLBMNvg9in8",
  "image_size": [
    1280,
    1024
  ],
  "crop_xyxy": [
    638,
    336,
    885,
    918
  ],
  "crop_size": [
    247,
    582
  ],
  "K": [
    [
      1079.24,
      0.0,
      625.737
    ],
    [
      0.0,
      1079.68,
      501.88
    ],
    [
      0.0,
      0.0,
      1.0
    ]
  ],
  "K_crop": [
    [
      1079.24,
      0,
      -12.263000000000034
    ],
    [
      0,
      1079.68,
      165.88
    ],
    [
      0,
      0,
      1
    ]
  ],
  "T_camera_to_world": [
    [
      0.986491,
      -0.0131539,
      -0.16328,
      -0.0288555
    ],
    [
      0.163221,
      -0.00548788,
      0.986574,
      -2.51182
    ],
    [
      -0.013873,
      -0.999898,
      -0.00326527,
      4.28484
    ],
    [
      0.0,
      0.0,
      0.0,
      1.0
    ]
  ],
  "T_world_to_camera": [
    [
      0.9864930259631532,
      0.16322068181787236,
      -0.013873381214435258,
      0.49789194127730874
    ],
    [
      -0.013153803629671553,
      -0.005486352568408466,
      -0.9998988574213594,
      4.270246330544322
    ],
    [
      -0.16328077233597788,
      0.986574599217567,
      -0.0032667572695653773,
      2.4873837936994527
    ],
    [
      0.0,
      0.0,
      0.0,
      1.0
    ]
  ],
  "T_floor_from_camera": [
    [
      0.9865429347943264,
      0.011915642651633316,
      -0.16306111302040494,
      -0.1364789363578251
    ],
    [
      0.010295857528111442,
      -0.9998884971940109,
      -0.010775699829332838,
      1.3660348182062414
    ],
    [
      -0.16317193746523392,
      0.00895337675994111,
      -0.9865567574031956,
      2.4969541583808175
    ],
    [
      0.0,
      0.0,
      0.0,
      1.0
    ]
  ],
  "world_floor_z": 2.9495,
  "floor_plane_world": {
    "normal": [
      0.025068593182043717,
      -0.0034647940300723823,
      0.9996797291323869
    ],
    "offset_d": 2.9254124445194267,
    "centroid": [
      -0.0642036996546769,
      -0.9460188619174992,
      2.924680870521638
    ],
    "fit_residual": 3.7360788660401494,
    "num_vertices": 14366,
    "z_range": [
      2.8343756198883057,
      3.101518154144287
    ]
  },
  "floor_source": "mesh_fitted_plane",
  "camera_height_above_floor_m": 1.3660348182062414,
  "depth_stats": {
    "full_valid_fraction": 0.9824600219726562,
    "crop_valid_fraction": 0.9960974998956551,
    "full_range_m": [
      0.6884999871253967,
      7.420750141143799
    ],
    "crop_range_m": [
      3.1167500019073486,
      7.374000072479248
    ]
  },
  "cloud_stats": {
    "full_image_points": 1287730,
    "crop_points": 143193,
    "floor_plane_points": 2205
  },
  "coordinate_frame": "opencv_camera",
  "conventions": {
    "opencv_camera": "X-right, Y-down, Z-forward",
    "matterport_world": "X,Y horizontal, Z-up",
    "floor_frame": "X=world_X, Y=height_above_floor(world_Z-floor_z), Z=-world_Y"
  }
}