{
  "image_id": "VzqfbhrpDEA_5d3b7a8d35254640b09f3825fd5630b2_i1_3",
  "building_id": "VzqfbhrpDEA",
  "image_size": [
    1280,
    1024
  ],
  "crop_xyxy": [
    11,
    10,
    375,
    1018
  ],
  "crop_size": [
    364,
    1008
  ],
  "K": [
    [
      1070.81,
      0.0,
      637.019
    ],
    [
      0.0,
      1071.14,
      513.293
    ],
    [
      0.0,
      0.0,
      1.0
    ]
  ],
  "K_crop": [
    [
      1070.81,
      0,
      626.019
    ],
    [
      0,
      1071.14,
      503.293
    ],
    [
      0,
      0,
      1
    ]
  ],
  "T_camera_to_world": [
    [
      0.339123,
      -0.000871142,
      -0.940742,
      -11.9937
    ],
    [
      0.940736,
      0.00411075,
      0.339117,
      -3.31611
    ],
    [
      0.00357161,
      -0.999991,
      0.00221323,
      1.56659
    ],
    [
      0.0,
      0.0,
      0.0,
      1.0
    ]
  ],
  "T_world_to_camera": [
    [
      0.33912274194218694,
      0.9407346179452594,
      0.003571732912653688,
      7.181320462882826
    ],
    [
      -0.0008708706881320627,
      0.004110517046631502,
      -0.9999913439621133,
      1.5697624044488627
    ],
    [
      -0.940741371951403,
      0.3391165324790529,
      0.0022135625281955095,
      -10.161889813175474
    ],
    [
      0.0,
      0.0,
      0.0,
      1.0
    ]
  ],
  "T_floor_from_camera": [
    [
      0.33912479663799266,
      -0.0012355979920066929,
      -0.9407409443526651,
      -11.993130065546955
    ],
    [
      0.0048677627719636955,
      -0.9999832733348264,
      0.003067885895049154,
      1.578200020831434
    ],
    [
      -0.9407295383976354,
      -0.005619927322916231,
      -0.33911327360429816,
      3.318470514208399
    ],
    [
      0.0,
      0.0,
      0.0,
      1.0
    ]
  ],
  "world_floor_z": -0.0385204,
  "floor_plane_world": {
    "normal": [
      -0.00036446200617681765,
      0.001509195486912716,
      0.999998794747488
    ],
    "offset_d": -0.012245319250590072,
    "centroid": [
      -15.969491813973058,
      -0.6302131371553485,
      -0.017114498079638805
    ],
    "fit_residual": 1.7617162372030992,
    "num_vertices": 17650,
    "z_range": [
      -0.03918622434139252,
      0.11143270134925842
    ]
  },
  "floor_source": "mesh_fitted_plane",
  "camera_height_above_floor_m": 1.578200020831434,
  "depth_stats": {
    "full_valid_fraction": 0.8862945556640625,
    "crop_valid_fraction": 0.6886147087039944,
    "full_range_m": [
      0.7252500057220459,
      7.898499965667725
    ],
    "crop_range_m": [
      1.309249997138977,
      7.898499965667725
    ]
  },
  "cloud_stats": {
    "full_image_points": 1161684,
    "crop_points": 252661,
    "floor_plane_points": 3441
  },
  "coordinate_frame": "opencv_camera",
  "conventions": {
    "opencv_camera": "X-right, Y-down, Z-forward",
    "matterport_world": "X,Y horizontal, Z-up",
    "floor_frame": "X=world_X, Y=height_above_floor(world_Z-floor_z), Z=-world_Y"
  }
}