{
  "image_id": "PX4nDJXEHrG_8a2aeda8632c4fb38e51733e873ae813_i1_3",
  "building_id": "PX4nDJXEHrG",
  "image_size": [
    1280,
    1024
  ],
  "crop_xyxy": [
    890,
    228,
    1279,
    995
  ],
  "crop_size": [
    389,
    767
  ],
  "K": [
    [
      1073.34,
      0.0,
      633.503
    ],
    [
      0.0,
      1073.39,
      509.781
    ],
    [
      0.0,
      0.0,
      1.0
    ]
  ],
  "K_crop": [
    [
      1073.34,
      0,
      -256.49699999999996
    ],
    [
      0,
      1073.39,
      281.781
    ],
    [
      0,
      0,
      1
    ]
  ],
  "T_camera_to_world": [
    [
      -0.510311,
      0.00179798,
      -0.859987,
      -12.4789
    ],
    [
      0.859966,
      0.00832923,
      -0.510282,
      4.43514
    ],
    [
      0.00624589,
      -0.999963,
      -0.00579547,
      -1.52357
    ],
    [
      0.0,
      0.0,
      0.0,
      1.0
    ]
  ],
  "T_world_to_camera": [
    [
      -0.5103125634653571,
      0.8599675758120023,
      0.00624556703460144,
      -10.172700483847782
    ],
    [
      0.0017967460398445878,
      0.008328895424584475,
      -0.9999643948835286,
      -1.5380341562094728
    ],
    [
      -0.8599881799515404,
      -0.5102820605344071,
      -0.005796712673223179,
      -8.47736581836625
    ],
    [
      0.0,
      0.0,
      0.0,
      1.0
    ]
  ],
  "T_floor_from_camera": [
    [
      -0.5103333094039848,
      0.0034554344896693856,
      -0.8599687011556666,
      -12.47642259926977
    ],
    [
      0.013035004512375105,
      -0.9998452790715714,
      -0.011751441557550021,
      1.5525058614072809
    ],
    [
      -0.8598766487055172,
      -0.01720720965910746,
      0.510210430919906,
      -4.448492409270462
    ],
    [
      0.0,
      0.0,
      0.0,
      1.0
    ]
  ],
  "world_floor_z": -3.07746,
  "floor_plane_world": {
    "normal": [
      0.0016577062237625461,
      0.00887862427329042,
      0.9999592101886405
    ],
    "offset_d": -3.0573221238106574,
    "centroid": [
      -12.854596694364423,
      3.7190106786089965,
      -3.069157867720633
    ],
    "fit_residual": 2.543808601203084,
    "num_vertices": 17688,
    "z_range": [
      -3.09287428855896,
      -2.9275851249694824
    ]
  },
  "floor_source": "mesh_fitted_plane",
  "camera_height_above_floor_m": 1.5525058614072809,
  "depth_stats": {
    "full_valid_fraction": 0.9956344604492188,
    "crop_valid_fraction": 0.9999095062055282,
    "full_range_m": [
      1.6670000553131104,
      8.53125
    ],
    "crop_range_m": [
      3.3047499656677246,
      8.53125
    ]
  },
  "cloud_stats": {
    "full_image_points": 1304998,
    "crop_points": 298336,
    "floor_plane_points": 3600
  },
  "coordinate_frame": "opencv_camera",
  "conventions": {
    "opencv_camera": "X-right, Y-down, Z-forward",
    "matterport_world": "X,Y horizontal, Z-up",
    "floor_frame": "X=world_X, Y=height_above_floor(world_Z-floor_z), Z=-world_Y"
  }
}