{
  "image_id": "ULsKaCPVFJR_a7a114ea184645d9a2710541e9dfdf0a_i1_5",
  "building_id": "ULsKaCPVFJR",
  "image_size": [
    1280,
    1024
  ],
  "crop_xyxy": [
    777,
    399,
    870,
    969
  ],
  "crop_size": [
    93,
    570
  ],
  "K": [
    [
      1077.15,
      0.0,
      636.04
    ],
    [
      0.0,
      1077.62,
      510.67
    ],
    [
      0.0,
      0.0,
      1.0
    ]
  ],
  "K_crop": [
    [
      1077.15,
      0,
      -140.96000000000004
    ],
    [
      0,
      1077.62,
      111.67000000000002
    ],
    [
      0,
      0,
      1
    ]
  ],
  "T_camera_to_world": [
    [
      0.972493,
      0.0110043,
      -0.232673,
      3.46911
    ],
    [
      0.232709,
      -0.00204423,
      0.972545,
      -5.58004
    ],
    [
      0.0102263,
      -0.999938,
      -0.00454949,
      1.5502
    ],
    [
      0.0,
      0.0,
      0.0,
      1.0
    ]
  ],
  "T_world_to_camera": [
    [
      0.9724924619403781,
      0.23270826960601904,
      0.01022652361741807,
      -2.091015028821336
    ],
    [
      0.011004226770699885,
      -0.00204496003935761,
      -0.9999367218954434,
      1.5005160743317967
    ],
    [
      -0.2326732985673588,
      0.9725436981523649,
      -0.004548791808590927,
      6.24105354129281
    ],
    [
      0.0,
      0.0,
      0.0,
      1.0
    ]
  ],
  "T_floor_from_camera": [
    [
      0.9722348768351834,
      0.0253843599287679,
      -0.2326272452912669,
      3.4467071919231413
    ],
    [
      0.024939305004338073,
      -0.9996778176923636,
      -0.0048542889486149305,
      1.5598395638215097
    ],
    [
      -0.23267588244780843,
      -0.0010827851232145318,
      -0.9725544717085313,
      5.584860499196483
    ],
    [
      0.0,
      0.0,
      0.0,
      1.0
    ]
  ],
  "world_floor_z": -0.0326205,
  "floor_plane_world": {
    "normal": [
      0.014382068141098886,
      0.0031268755761632294,
      0.9998916835163276
    ],
    "offset_d": 0.022637409584455353,
    "centroid": [
      4.128611711458155,
      -6.265205144412661,
      -0.017151906266333596
    ],
    "fit_residual": 2.1464778121474315,
    "num_vertices": 6601,
    "z_range": [
      -0.07209450006484985,
      0.11708122491836548
    ]
  },
  "floor_source": "mesh_fitted_plane",
  "camera_height_above_floor_m": 1.5598395638215097,
  "depth_stats": {
    "full_valid_fraction": 0.9261962890625,
    "crop_valid_fraction": 0.11624221844934918,
    "full_range_m": [
      1.1117500066757202,
      4.908999919891357
    ],
    "crop_range_m": [
      2.828000068664551,
      4.908999919891357
    ]
  },
  "cloud_stats": {
    "full_image_points": 1213984,
    "crop_points": 6162,
    "floor_plane_points": 1025
  },
  "coordinate_frame": "opencv_camera",
  "conventions": {
    "opencv_camera": "X-right, Y-down, Z-forward",
    "matterport_world": "X,Y horizontal, Z-up",
    "floor_frame": "X=world_X, Y=height_above_floor(world_Z-floor_z), Z=-world_Y"
  }
}