{
  "image_id": "2azQ1b91cZZ_a32965abf4d149fb8f9a4ebe5706ac04_i1_1",
  "building_id": "2azQ1b91cZZ",
  "image_size": [
    1280,
    1024
  ],
  "crop_xyxy": [
    690,
    213,
    1272,
    1004
  ],
  "crop_size": [
    582,
    791
  ],
  "K": [
    [
      1071.65,
      0.0,
      630.843
    ],
    [
      0.0,
      1072.26,
      504.318
    ],
    [
      0.0,
      0.0,
      1.0
    ]
  ],
  "K_crop": [
    [
      1071.65,
      0,
      -59.15700000000004
    ],
    [
      0,
      1072.26,
      291.318
    ],
    [
      0,
      0,
      1
    ]
  ],
  "T_camera_to_world": [
    [
      -0.627062,
      -0.0105418,
      -0.778899,
      -3.01981
    ],
    [
      0.778898,
      0.00513682,
      -0.62713,
      -0.998938
    ],
    [
      0.0106119,
      -0.999932,
      0.00498918,
      1.51129
    ],
    [
      0.0,
      0.0,
      0.0,
      1.0
    ]
  ],
  "T_world_to_camera": [
    [
      -0.6270606102284246,
      0.7788972430654479,
      0.010612124101468364,
      -1.1315718442138945
    ],
    [
      -0.010541084403406677,
      0.005137063962966559,
      -0.9999304850965165,
      1.484484479130301
    ],
    [
      -0.77889815961425,
      -0.6271301117757125,
      0.004989873429643002,
      -2.9861296967972
    ],
    [
      0.0,
      0.0,
      0.0,
      1.0
    ]
  ],
  "T_floor_from_camera": [
    [
      -0.6270875117343659,
      -0.0073157090926626155,
      -0.7789154396445188,
      -3.024677041151214
    ],
    [
      0.006896040692240478,
      -0.9999696085211501,
      0.0038391431441205134,
      1.5015956198338374
    ],
    [
      -0.7789192229744893,
      -0.0029637013145212394,
      0.6271176762628984,
      0.9956512234423812
    ],
    [
      0.0,
      0.0,
      0.0,
      1.0
    ]
  ],
  "world_floor_z": 0.00539548,
  "floor_plane_world": {
    "normal": [
      0.0032262270301754797,
      -0.002173243025837785,
      0.9999924342083296
    ],
    "offset_d": 0.002111288454619189,
    "centroid": [
      -1.6104724797813026,
      -2.5551191544971377,
      0.0017541566891319848
    ],
    "fit_residual": 4.783460112512403,
    "num_vertices": 20534,
    "z_range": [
      -0.034575462341308594,
      0.15809033811092377
    ]
  },
  "floor_source": "mesh_fitted_plane",
  "camera_height_above_floor_m": 1.5015956198338374,
  "depth_stats": {
    "full_valid_fraction": 0.8812294006347656,
    "crop_valid_fraction": 0.7305902746099808,
    "full_range_m": [
      0.5672500133514404,
      8.942999839782715
    ],
    "crop_range_m": [
      0.7509999871253967,
      8.942999839782715
    ]
  },
  "cloud_stats": {
    "full_image_points": 1155045,
    "crop_points": 336336,
    "floor_plane_points": 5888
  },
  "coordinate_frame": "opencv_camera",
  "conventions": {
    "opencv_camera": "X-right, Y-down, Z-forward",
    "matterport_world": "X,Y horizontal, Z-up",
    "floor_frame": "X=world_X, Y=height_above_floor(world_Z-floor_z), Z=-world_Y"
  }
}