{
  "image_id": "82sE5b5pLXE_78113ce35ab1428b84f9f0c8cda346dc_i1_2",
  "building_id": "82sE5b5pLXE",
  "image_size": [
    1280,
    1024
  ],
  "crop_xyxy": [
    2,
    24,
    294,
    1020
  ],
  "crop_size": [
    292,
    996
  ],
  "K": [
    [
      1069.52,
      0.0,
      618.287
    ],
    [
      0.0,
      1069.96,
      514.168
    ],
    [
      0.0,
      0.0,
      1.0
    ]
  ],
  "K_crop": [
    [
      1069.52,
      0,
      616.287
    ],
    [
      0,
      1069.96,
      490.168
    ],
    [
      0,
      0,
      1
    ]
  ],
  "T_camera_to_world": [
    [
      -0.366631,
      0.017379,
      -0.930205,
      4.35146
    ],
    [
      0.930242,
      0.0232738,
      -0.36621,
      2.75747
    ],
    [
      0.0152849,
      -0.999578,
      -0.0247001,
      0.860855
    ],
    [
      0.0,
      0.0,
      0.0,
      1.0
    ]
  ],
  "T_world_to_camera": [
    [
      -0.36662974246045477,
      0.9302402395629326,
      0.015285017270607736,
      -0.9828930778031182
    ],
    [
      0.01737955960125213,
      0.02327387581510346,
      -0.999578111065614,
      0.7206883420350513
    ],
    [
      -0.9302036986746696,
      -0.3662100640003084,
      -0.024699533069752897,
      5.078820168354571
    ],
    [
      0.0,
      0.0,
      0.0,
      1.0
    ]
  ],
  "T_floor_from_camera": [
    [
      -0.36660825003002706,
      0.0501384698391697,
      -0.9290242982813159,
      4.321876421082005
    ],
    [
      -0.006703751057609906,
      -0.9986632178552958,
      -0.0512520841371342,
      1.628272534291657
    ],
    [
      -0.9303523782012323,
      -0.012561394688991692,
      0.3664536507384236,
      -2.7665362538770704
    ],
    [
      0.0,
      0.0,
      0.0,
      1.0
    ]
  ],
  "world_floor_z": -0.613006,
  "floor_plane_world": {
    "normal": [
      0.03277634583662376,
      -0.010709833691267961,
      0.9994053284908498
    ],
    "offset_d": -0.6548365474880922,
    "centroid": [
      1.3603076305772754,
      3.5246639425171122,
      -0.6620676089342885
    ],
    "fit_residual": 6.737161071556754,
    "num_vertices": 24981,
    "z_range": [
      -0.7630008459091187,
      -0.46312975883483887
    ]
  },
  "floor_source": "mesh_fitted_plane",
  "camera_height_above_floor_m": 1.628272534291657,
  "depth_stats": {
    "full_valid_fraction": 0.9132698059082032,
    "crop_valid_fraction": 0.8789094735104803,
    "full_range_m": [
      1.7050000429153442,
      9.935250282287598
    ],
    "crop_range_m": [
      1.7300000190734863,
      8.919750213623047
    ]
  },
  "cloud_stats": {
    "full_image_points": 1197041,
    "crop_points": 255615,
    "floor_plane_points": 5929
  },
  "coordinate_frame": "opencv_camera",
  "conventions": {
    "opencv_camera": "X-right, Y-down, Z-forward",
    "matterport_world": "X,Y horizontal, Z-up",
    "floor_frame": "X=world_X, Y=height_above_floor(world_Z-floor_z), Z=-world_Y"
  }
}