{
  "image_id": "8WUmhLawc2A_a59713eed44e47cca397462601c4d960_i1_5",
  "building_id": "8WUmhLawc2A",
  "image_size": [
    1280,
    1024
  ],
  "crop_xyxy": [
    408,
    13,
    870,
    1023
  ],
  "crop_size": [
    462,
    1010
  ],
  "K": [
    [
      1068.49,
      0.0,
      632.02
    ],
    [
      0.0,
      1068.66,
      492.507
    ],
    [
      0.0,
      0.0,
      1.0
    ]
  ],
  "K_crop": [
    [
      1068.49,
      0,
      224.01999999999998
    ],
    [
      0,
      1068.66,
      479.507
    ],
    [
      0,
      0,
      1
    ]
  ],
  "T_camera_to_world": [
    [
      0.050872,
      0.013797,
      -0.99861,
      1.11213
    ],
    [
      0.998682,
      0.00614818,
      0.0509607,
      -5.78312
    ],
    [
      0.00684277,
      -0.999886,
      -0.0134658,
      1.50483
    ],
    [
      0.0,
      0.0,
      0.0,
      1.0
    ]
  ],
  "T_world_to_camera": [
    [
      0.050872076302630305,
      0.9986814746521969,
      0.006842735577430361,
      5.708621293693184
    ],
    [
      0.013796757911664268,
      0.006148223469690667,
      -0.9998858327314523,
      1.5248703234050098
    ],
    [
      -0.9986097494171151,
      0.05096058623258117,
      -0.013466038984088694,
      1.4255591455170473
    ],
    [
      0.0,
      0.0,
      0.0,
      1.0
    ]
  ],
  "T_floor_from_camera": [
    [
      0.05083768466057411,
      6.645054643134176e-05,
      -0.9987070484045754,
      1.133401548903839
    ],
    [
      -0.0028482179308764663,
      -0.9999960065192689,
      -0.00021128075693670212,
      1.4598301022914546
    ],
    [
      -0.9987031283030223,
      0.002855319973617643,
      -0.05083738429141409,
      5.769335649727826
    ],
    [
      0.0,
      0.0,
      0.0,
      1.0
    ]
  ],
  "world_floor_z": 0.0265886,
  "floor_plane_world": {
    "normal": [
      -0.013730610550742246,
      -0.009003428391450408,
      0.9998651952193875
    ],
    "offset_d": 0.0815947223179038,
    "centroid": [
      1.553239396664639,
      -5.671074204596817,
      0.051869529322407563
    ],
    "fit_residual": 1.9580426269187452,
    "num_vertices": 7501,
    "z_range": [
      0.026620663702487946,
      0.17640738189220428
    ]
  },
  "floor_source": "mesh_fitted_plane",
  "camera_height_above_floor_m": 1.4598301022914546,
  "depth_stats": {
    "full_valid_fraction": 0.9715957641601562,
    "crop_valid_fraction": 0.9416205906304916,
    "full_range_m": [
      0.7547500133514404,
      5.192749977111816
    ],
    "crop_range_m": [
      0.8705000281333923,
      5.192749977111816
    ]
  },
  "cloud_stats": {
    "full_image_points": 1273490,
    "crop_points": 439379,
    "floor_plane_points": 2394
  },
  "coordinate_frame": "opencv_camera",
  "conventions": {
    "opencv_camera": "X-right, Y-down, Z-forward",
    "matterport_world": "X,Y horizontal, Z-up",
    "floor_frame": "X=world_X, Y=height_above_floor(world_Z-floor_z), Z=-world_Y"
  }
}