{
  "image_id": "gTV8FGcVJC9_bf2646550657406bbd4374c537c98b62_i1_0",
  "building_id": "gTV8FGcVJC9",
  "image_size": [
    1280,
    1024
  ],
  "crop_xyxy": [
    662,
    210,
    755,
    888
  ],
  "crop_size": [
    93,
    678
  ],
  "K": [
    [
      1070.74,
      0.0,
      631.576
    ],
    [
      0.0,
      1070.54,
      502.749
    ],
    [
      0.0,
      0.0,
      1.0
    ]
  ],
  "K_crop": [
    [
      1070.74,
      0,
      -30.423999999999978
    ],
    [
      0,
      1070.54,
      292.749
    ],
    [
      0,
      0,
      1
    ]
  ],
  "T_camera_to_world": [
    [
      -0.782954,
      0.0063435,
      -0.622048,
      -12.996
    ],
    [
      0.622049,
      0.0180806,
      -0.78277,
      -16.0247
    ],
    [
      0.00628144,
      -0.999817,
      -0.0181024,
      4.74513
    ],
    [
      0.0,
      0.0,
      0.0,
      1.0
    ]
  ],
  "T_world_to_camera": [
    [
      -0.7829529409378857,
      0.6220481124065727,
      0.00628149063312466,
      -0.23692852319511737
    ],
    [
      0.0063436479996538085,
      0.018080677943829854,
      -0.999815815857585,
      5.116435511550292
    ],
    [
      -0.6220478518536074,
      -0.7827697589585354,
      -0.01810222015834803,
      -20.541887051132342
    ],
    [
      0.0,
      0.0,
      0.0,
      1.0
    ]
  ],
  "T_floor_from_camera": [
    [
      -0.78295401713583,
      0.007159958050943404,
      -0.6220391163105006,
      -12.99999487127921
    ],
    [
      -0.00029865653019601275,
      -0.9999385623483117,
      -0.01113407925124898,
      1.4029205166097687
    ],
    [
      -0.6220806208688846,
      -0.008531594640542022,
      0.7829071810557358,
      15.978653595745598
    ],
    [
      0.0,
      0.0,
      0.0,
      1.0
    ]
  ],
  "world_floor_z": 3.33032,
  "floor_plane_world": {
    "normal": [
      0.0008165058284369501,
      -0.009549925308576986,
      0.9999540650674075
    ],
    "offset_d": 3.484414894509524,
    "centroid": [
      -6.834094537032719,
      -12.700459713574729,
      3.3688612792976484
    ],
    "fit_residual": 3.55371878862989,
    "num_vertices": 26633,
    "z_range": [
      3.1815133094787598,
      3.4758057594299316
    ]
  },
  "floor_source": "mesh_fitted_plane",
  "camera_height_above_floor_m": 1.4029205166097687,
  "depth_stats": {
    "full_valid_fraction": 0.965771484375,
    "crop_valid_fraction": 0.5311796238145082,
    "full_range_m": [
      1.0054999589920044,
      10.329000473022461
    ],
    "crop_range_m": [
      1.5437500476837158,
      10.329000473022461
    ]
  },
  "cloud_stats": {
    "full_image_points": 1265856,
    "crop_points": 33493,
    "floor_plane_points": 6888
  },
  "coordinate_frame": "opencv_camera",
  "conventions": {
    "opencv_camera": "X-right, Y-down, Z-forward",
    "matterport_world": "X,Y horizontal, Z-up",
    "floor_frame": "X=world_X, Y=height_above_floor(world_Z-floor_z), Z=-world_Y"
  }
}