{
  "image_id": "gTV8FGcVJC9_1cd3d12fe013476fbb2fbcb7af9d5104_i1_5",
  "building_id": "gTV8FGcVJC9",
  "image_size": [
    1280,
    1024
  ],
  "crop_xyxy": [
    438,
    206,
    517,
    946
  ],
  "crop_size": [
    79,
    740
  ],
  "K": [
    [
      1070.74,
      0.0,
      631.576
    ],
    [
      0.0,
      1070.54,
      502.749
    ],
    [
      0.0,
      0.0,
      1.0
    ]
  ],
  "K_crop": [
    [
      1070.74,
      0,
      193.57600000000002
    ],
    [
      0,
      1070.54,
      296.749
    ],
    [
      0,
      0,
      1
    ]
  ],
  "T_camera_to_world": [
    [
      0.418963,
      0.0206983,
      -0.907768,
      -6.45193
    ],
    [
      0.90778,
      0.0126535,
      0.419257,
      -10.8675
    ],
    [
      0.0201643,
      -0.999706,
      -0.0134883,
      0.0179415
    ],
    [
      0.0,
      0.0,
      0.0,
      1.0
    ]
  ],
  "T_world_to_camera": [
    [
      0.4189624676364258,
      0.9077790084128131,
      0.02016432083715668,
      12.56804310958143
    ],
    [
      0.020698403424624395,
      0.012653389631104262,
      -0.999705381952993,
      0.28899157593377206
    ],
    [
      -0.9077669689921173,
      0.4192565945883297,
      -0.013488135246428558,
      -1.3003359011821147
    ],
    [
      0.0,
      0.0,
      0.0,
      1.0
    ]
  ],
  "T_floor_from_camera": [
    [
      0.4190296614319437,
      0.016642861027360036,
      -0.9078206407994528,
      -6.451664266772004
    ],
    [
      0.015584110152933416,
      -0.9998168523737306,
      -0.011136268297947392,
      1.3813595822920752
    ],
    [
      -0.9078394137260521,
      -0.00948124503690604,
      -0.41921208925406384,
      10.867388358364567
    ],
    [
      0.0,
      0.0,
      0.0,
      1.0
    ]
  ],
  "world_floor_z": -1.40601,
  "floor_plane_world": {
    "normal": [
      -0.00405631879686804,
      -0.0031730980542225137,
      0.9999867387753483
    ],
    "offset_d": -1.302763592178997,
    "centroid": [
      -10.02770834529565,
      -13.301978584185663,
      -1.3856660320208622
    ],
    "fit_residual": 3.403155868709974,
    "num_vertices": 20930,
    "z_range": [
      -1.4645934104919434,
      -1.2562546730041504
    ]
  },
  "floor_source": "mesh_fitted_plane",
  "camera_height_above_floor_m": 1.3813595822920752,
  "depth_stats": {
    "full_valid_fraction": 0.9887557983398437,
    "crop_valid_fraction": 0.8984091686623332,
    "full_range_m": [
      1.4394999742507935,
      4.323500156402588
    ],
    "crop_range_m": [
      3.2027499675750732,
      4.323500156402588
    ]
  },
  "cloud_stats": {
    "full_image_points": 1295982,
    "crop_points": 52521,
    "floor_plane_points": 800
  },
  "coordinate_frame": "opencv_camera",
  "conventions": {
    "opencv_camera": "X-right, Y-down, Z-forward",
    "matterport_world": "X,Y horizontal, Z-up",
    "floor_frame": "X=world_X, Y=height_above_floor(world_Z-floor_z), Z=-world_Y"
  }
}