{
  "image_id": "TbHJrupSAjP_ff08d99c0c494496ac2b6cdecf87a60e_i1_3",
  "building_id": "TbHJrupSAjP",
  "image_size": [
    1280,
    1024
  ],
  "crop_xyxy": [
    215,
    27,
    609,
    1011
  ],
  "crop_size": [
    394,
    984
  ],
  "K": [
    [
      1079.68,
      0.0,
      625.996
    ],
    [
      0.0,
      1080.43,
      497.388
    ],
    [
      0.0,
      0.0,
      1.0
    ]
  ],
  "K_crop": [
    [
      1079.68,
      0,
      410.996
    ],
    [
      0,
      1080.43,
      470.388
    ],
    [
      0,
      0,
      1
    ]
  ],
  "T_camera_to_world": [
    [
      0.969918,
      0.00912154,
      0.243257,
      -2.60437
    ],
    [
      -0.243252,
      -0.00161598,
      0.969961,
      4.94036
    ],
    [
      0.00924089,
      -0.999957,
      0.000652401,
      1.42784
    ],
    [
      0.0,
      0.0,
      0.0,
      1.0
    ]
  ],
  "T_world_to_camera": [
    [
      0.9699199797721538,
      -0.24325292782984298,
      0.009240653106688949,
      3.714593358120793
    ],
    [
      0.00912201714011356,
      -0.0016151386070434473,
      -0.9999571812828848,
      1.4595153356708446
    ],
    [
      0.24325691024360163,
      0.9699623271119653,
      0.0006514659287319636,
      -4.15936227215142
    ],
    [
      0.0,
      0.0,
      0.0,
      1.0
    ]
  ],
  "T_floor_from_camera": [
    [
      0.9698734651248611,
      0.013038632835098483,
      0.24325613949271901,
      -2.609925207274196
    ],
    [
      0.013268323928797766,
      -0.9999116413382412,
      0.0006961264827713051,
      1.4086045326430392
    ],
    [
      0.24324323115516988,
      0.002553292460326196,
      -0.9699611854110883,
      -4.941696220409282
    ],
    [
      0.0,
      0.0,
      0.0,
      1.0
    ]
  ],
  "world_floor_z": 0.00462549,
  "floor_plane_world": {
    "normal": [
      0.00391733892308109,
      -0.0009373462843241254,
      0.9999918878859493
    ],
    "offset_d": 0.0043908564957064675,
    "centroid": [
      -3.7029923820475386,
      4.8856957409928565,
      0.023476511879073788
    ],
    "fit_residual": 2.5072233914460673,
    "num_vertices": 18866,
    "z_range": [
      -0.009729931131005287,
      0.15299731492996216
    ]
  },
  "floor_source": "mesh_fitted_plane",
  "camera_height_above_floor_m": 1.4086045326430392,
  "depth_stats": {
    "full_valid_fraction": 0.9317962646484375,
    "crop_valid_fraction": 0.786330011142751,
    "full_range_m": [
      0.7087500095367432,
      7.716000080108643
    ],
    "crop_range_m": [
      1.906999945640564,
      7.716000080108643
    ]
  },
  "cloud_stats": {
    "full_image_points": 1221324,
    "crop_points": 304857,
    "floor_plane_points": 3268
  },
  "coordinate_frame": "opencv_camera",
  "conventions": {
    "opencv_camera": "X-right, Y-down, Z-forward",
    "matterport_world": "X,Y horizontal, Z-up",
    "floor_frame": "X=world_X, Y=height_above_floor(world_Z-floor_z), Z=-world_Y"
  }
}